tanggal,area,kritis,waspada,pantau,persisten,total_nasional
2026-09-29,OCSA,0,3,3,,12422
2026-09-29,ODA,0,0,0,,12422
2026-09-29,ONSA,0,0,0,,12422
2026-09-29,OSSA,2,4,20,,12422
2026-09-29,OWJA,3,4,0,,12422
2026-09-30,OCSA,0,5,0,,12335
2026-09-30,ODA,0,0,0,,12335
2026-09-30,OKA,3,20,15,,12335
2026-09-30,ONSA,0,0,0,,12335
2026-09-30,ORA,0,0,1,,12335
2026-09-30,OSSA,7,12,7,,12335
2026-09-30,OWJA,0,4,1,,12335
2026-10-01,OCSA,0,1,0,,13639
2026-10-01,ODA,0,0,0,,13639
2026-10-01,OEJA,0,9,7,,13639
2026-10-01,OKA,2,2,12,,13639
2026-10-01,ONSA,0,0,0,,13639
2026-10-01,ORA,0,0,0,,13639
2026-10-01,OSSA,1,18,10,,13639
2026-10-01,OWJA,0,3,0,,13639
2026-10-02,OCSA,0,0,0,,18506
2026-10-02,ODA,0,0,0,,18506
2026-10-02,OEJA,1,16,9,,18506
2026-10-02,OKA,3,7,11,,18506
2026-10-02,ONSA,0,0,0,,18506
2026-10-02,ORA,1,1,2,,18506
2026-10-02,OSSA,5,6,0,,18506
2026-10-02,OWJA,0,2,2,,18506
2026-10-03,OCSA,0,2,0,,11755
2026-10-03,ODA,0,0,0,,11755
2026-10-03,OEJA,1,10,6,,11755
2026-10-03,OKA,0,1,0,,11755
2026-10-03,ONSA,1,0,0,,11755
2026-10-03,ORA,0,0,0,,11755
2026-10-03,OSSA,2,1,2,,11755
2026-10-03,OWJA,3,9,2,,11755
2026-10-04,OCSA,0,3,4,,15554
2026-10-04,ODA,0,0,0,,15554
2026-10-04,OEJA,0,3,4,,15554
2026-10-04,OKA,1,3,3,,15554
2026-10-04,ONSA,0,0,0,,15554
2026-10-04,ORA,0,0,0,,15554
2026-10-04,OSSA,6,10,2,,15554
2026-10-04,OWJA,4,6,1,,15554
2026-10-05,OCSA,0,9,2,,19706
2026-10-05,ODA,1,0,0,,19706
2026-10-05,OEJA,2,5,4,,19706
2026-10-05,OKA,4,12,4,,19706
2026-10-05,ONSA,0,0,0,,19706
2026-10-05,ORA,0,0,1,,19706
2026-10-05,OSSA,4,5,3,,19706
2026-10-05,OWJA,1,10,4,,19706
2026-10-06,OCSA,0,9,3,5,25321
2026-10-06,ODA,0,0,0,0,25321
2026-10-06,OEJA,2,1,3,0,25321
2026-10-06,OKA,0,1,0,0,25321
2026-10-06,ONSA,0,0,0,0,25321
2026-10-06,ORA,3,0,0,0,25321
2026-10-06,OSSA,15,14,34,17,25321
2026-10-06,OWJA,6,0,1,2,25321
2026-10-07,OCSA,0,9,0,9,26150
2026-10-07,ODA,1,0,0,0,26150
2026-10-07,OEJA,2,1,1,0,26150
2026-10-07,OKA,1,0,5,3,26150
2026-10-07,ONSA,0,2,0,0,26150
2026-10-07,ORA,0,0,0,0,26150
2026-10-07,OSSA,52,26,17,56,26150
2026-10-07,OWJA,1,3,0,4,26150
2026-10-08,OCSA,0,0,0,0,17122
2026-10-08,ODA,0,0,0,0,17122
2026-10-08,OEJA,0,3,3,0,17122
2026-10-08,OKA,1,3,0,2,17122
2026-10-08,ONSA,0,0,0,0,17122
2026-10-08,ORA,1,0,0,0,17122
2026-10-08,OSSA,31,9,6,39,17122
2026-10-08,OWJA,3,7,2,6,17122
2026-10-09,OCSA,0,4,0,4,14915
2026-10-09,ODA,2,0,0,2,14915
2026-10-09,OEJA,0,7,4,0,14915
2026-10-09,OKA,0,2,4,2,14915
2026-10-09,ONSA,2,0,0,0,14915
2026-10-09,ORA,4,0,0,0,14915
2026-10-09,OSSA,20,31,3,21,14915
2026-10-09,OWJA,1,5,2,8,14915
2026-10-10,OCSA,0,1,0,1,12066
2026-10-10,ODA,2,0,0,2,12066
2026-10-10,OEJA,0,9,6,2,12066
2026-10-10,OKA,0,0,4,0,12066
2026-10-10,ONSA,1,1,0,0,12066
2026-10-10,ORA,0,0,0,0,12066
2026-10-10,OSSA,11,6,6,17,12066
2026-10-10,OWJA,0,4,0,2,12066
