tanggal,area,tinggi_km,sedang_km,rendah_km,rasio_maks
2026-10-01,OCSA,0.0,0.0,0.0,0.33
2026-10-01,ODA,0.0,0.0,0.0,0.6
2026-10-01,OEJA,0.0,0.0,0.0,0.12
2026-10-01,OKA,0.0,0.0,0.0,0.16
2026-10-01,ONSA,0.0,0.0,0.0,0.45
2026-10-01,ORA,0.0,0.0,0.0,0.94
2026-10-01,OSSA,0.0,0.0,0.0,0.24
2026-10-01,OWJA,0.0,0.0,0.0,0.44
2026-10-02,OCSA,0.0,0.0,0.0,0.13
2026-10-02,ODA,0.0,0.0,0.0,0.47
2026-10-02,OEJA,0.0,0.0,0.0,0.1
2026-10-02,OKA,0.0,0.0,0.0,0.09
2026-10-02,ONSA,0.0,0.0,7.82,0.86
2026-10-02,ORA,0.0,0.0,0.0,0.66
2026-10-02,OSSA,0.0,0.0,0.0,0.07
2026-10-02,OWJA,0.0,0.0,0.0,0.55
